data_status,synthetic,study_scope,treatment,G,I,R,C,run,seed,started_utc,ended_utc,elapsed_s,peak_rss_kib,pss_kib,private_clean_kib,allocated_bytes,allocation_rate_mib_s,gc_p99_ms,minor_faults,major_faults,fault_rate_s,input_p99_ms,controller_cpu_percent,iterations,device_id,kernel,collector_sha256,evidence_label,measurement_class,experiment_result_status,target_environment,environment_source,provenance_verification
observed,False,research_actual_sage_mm,G0I0R0C0,0,0,0,0,1,2026090501,2026-09-05T07:08:55.963277Z,2026-09-05T07:08:55.973287Z,0.008669377,21120,20446,3600,9346850,1028.1996946610761,0.800503,2002,0,230927.78177716804,0.063065,0.0,700,bb2498ecbe619967,6.18.35,413a1d7e0a574cfc9e6d8e4f689e2a802701cfd26be6b8be85383971bf00fa5e,observed / SAGE-MM 실증,actually_measured,actual_experimental_result,DTV Mono/.NET6,user-specified,partial
observed,False,research_actual_sage_mm,G0I0R0C0,0,0,0,0,2,2026090502,2026-09-05T07:08:55.973477Z,2026-09-05T07:08:55.983225Z,0.008486673,21200,20458,3608,9309903,1046.1832781036214,0.832061,1991,0,234603.12421605026,0.028603,0.0,700,bb2498ecbe619967,6.18.35,413a1d7e0a574cfc9e6d8e4f689e2a802701cfd26be6b8be85383971bf00fa5e,observed / SAGE-MM 실증,actually_measured,actual_experimental_result,DTV Mono/.NET6,user-specified,partial
observed,False,research_actual_sage_mm,G0I0R0C0,0,0,0,0,3,2026090503,2026-09-05T07:08:55.983398Z,2026-09-05T07:08:55.992629Z,0.00799908,21208,20450,3608,9331391,1112.5164310201214,0.788064,1987,0,248403.56641013717,0.021953,0.0,700,bb2498ecbe619967,6.18.35,413a1d7e0a574cfc9e6d8e4f689e2a802701cfd26be6b8be85383971bf00fa5e,observed / SAGE-MM 실증,actually_measured,actual_experimental_result,DTV Mono/.NET6,user-specified,partial
observed,False,research_actual_sage_mm,G0I0R0C1,0,0,0,1,1,2026090502,2026-09-05T07:08:55.992811Z,2026-09-05T07:08:56.000976Z,0.007145938,21208,12966,3612,10233630,1365.7479388436468,0.803558,116,0,16232.998383137385,0.019089,0.8311854930731277,770,bb2498ecbe619967,6.18.35,413a1d7e0a574cfc9e6d8e4f689e2a802701cfd26be6b8be85383971bf00fa5e,observed / SAGE-MM 실증,actually_measured,actual_experimental_result,DTV Mono/.NET6,user-specified,partial
observed,False,research_actual_sage_mm,G0I0R0C1,0,0,0,1,2,2026090503,2026-09-05T07:08:56.001132Z,2026-09-05T07:08:56.009204Z,0.007078577,21208,12986,3612,10261451,1382.4928750172853,0.795235,119,0,16811.288483546905,0.016074,0.6719005811478775,770,bb2498ecbe619967,6.18.35,413a1d7e0a574cfc9e6d8e4f689e2a802701cfd26be6b8be85383971bf00fa5e,observed / SAGE-MM 실증,actually_measured,actual_experimental_result,DTV Mono/.NET6,user-specified,partial
observed,False,research_actual_sage_mm,G0I0R0C1,0,0,0,1,3,2026090504,2026-09-05T07:08:56.009354Z,2026-09-05T07:08:56.017381Z,0.007042764,21208,13014,3612,10246278,1387.4683529589233,0.772721,126,0,17890.70313871088,0.01982,0.5792186136011372,770,bb2498ecbe619967,6.18.35,413a1d7e0a574cfc9e6d8e4f689e2a802701cfd26be6b8be85383971bf00fa5e,observed / SAGE-MM 실증,actually_measured,actual_experimental_result,DTV Mono/.NET6,user-specified,partial
observed,False,research_actual_sage_mm,G0I0R1C0,0,0,1,0,1,2026090511,2026-09-05T07:08:56.017537Z,2026-09-05T07:08:56.025789Z,0.00719978,21208,12510,3612,10267787,1360.0588834978264,0.82539,0,0,0.0,0.022964,0.0,770,bb2498ecbe619967,6.18.35,413a1d7e0a574cfc9e6d8e4f689e2a802701cfd26be6b8be85383971bf00fa5e,observed / SAGE-MM 실증,actually_measured,actual_experimental_result,DTV Mono/.NET6,user-specified,partial
observed,False,research_actual_sage_mm,G0I0R1C0,0,0,1,0,2,2026090512,2026-09-05T07:08:56.025946Z,2026-09-05T07:08:56.033827Z,0.00690094,21208,12510,3612,10234411,1414.3428162316445,0.796727,0,0,0.0,0.022203,0.0,770,bb2498ecbe619967,6.18.35,413a1d7e0a574cfc9e6d8e4f689e2a802701cfd26be6b8be85383971bf00fa5e,observed / SAGE-MM 실증,actually_measured,actual_experimental_result,DTV Mono/.NET6,user-specified,partial
observed,False,research_actual_sage_mm,G0I0R1C0,0,0,1,0,3,2026090513,2026-09-05T07:08:56.033975Z,2026-09-05T07:08:56.041887Z,0.006911046,21208,12510,3612,10249357,1414.337067149982,0.808414,0,0,0.0,0.017967,0.0,770,bb2498ecbe619967,6.18.35,413a1d7e0a574cfc9e6d8e4f689e2a802701cfd26be6b8be85383971bf00fa5e,observed / SAGE-MM 실증,actually_measured,actual_experimental_result,DTV Mono/.NET6,user-specified,partial
observed,False,research_actual_sage_mm,G0I0R1C1,0,0,1,1,1,2026090512,2026-09-05T07:08:56.042047Z,2026-09-05T07:08:56.050756Z,0.007720341,21208,12514,3612,11167591,1379.504443240213,0.79203,0,0,0.0,0.002504,0.028560914602088174,840,bb2498ecbe619967,6.18.35,413a1d7e0a574cfc9e6d8e4f689e2a802701cfd26be6b8be85383971bf00fa5e,observed / SAGE-MM 실증,actually_measured,actual_experimental_result,DTV Mono/.NET6,user-specified,partial
observed,False,research_actual_sage_mm,G0I0R1C1,0,0,1,1,2,2026090513,2026-09-05T07:08:56.050903Z,2026-09-05T07:08:56.059612Z,0.007697267,21208,12514,3612,11184202,1385.6978323474311,0.7851,0,0,0.0,0.015263,0.029802785845937266,840,bb2498ecbe619967,6.18.35,413a1d7e0a574cfc9e6d8e4f689e2a802701cfd26be6b8be85383971bf00fa5e,observed / SAGE-MM 실증,actually_measured,actual_experimental_result,DTV Mono/.NET6,user-specified,partial
observed,False,research_actual_sage_mm,G0I0R1C1,0,0,1,1,3,2026090514,2026-09-05T07:08:56.059781Z,2026-09-05T07:08:56.068373Z,0.007627822,21208,12514,3612,11206456,1401.0957866002534,0.78569,0,0,0.0,0.002544,0.027176827146726812,840,bb2498ecbe619967,6.18.35,413a1d7e0a574cfc9e6d8e4f689e2a802701cfd26be6b8be85383971bf00fa5e,observed / SAGE-MM 실증,actually_measured,actual_experimental_result,DTV Mono/.NET6,user-specified,partial
observed,False,research_actual_sage_mm,G0I1R0C0,0,1,0,0,1,2026090601,2026-09-05T07:08:56.068517Z,2026-09-05T07:08:56.087607Z,0.017755812,22828,22114,3612,30792516,1653.8827763398551,0.813723,2400,0,135167.0089771169,0.052448,0.0,770,bb2498ecbe619967,6.18.35,413a1d7e0a574cfc9e6d8e4f689e2a802701cfd26be6b8be85383971bf00fa5e,observed / SAGE-MM 실증,actually_measured,actual_experimental_result,DTV Mono/.NET6,user-specified,partial
observed,False,research_actual_sage_mm,G0I1R0C0,0,1,0,0,2,2026090602,2026-09-05T07:08:56.087812Z,2026-09-05T07:08:56.106393Z,0.017307568,22836,22150,3612,30744645,1694.078469229636,0.826762,2036,0,117636.40044632499,0.10622,0.0,770,bb2498ecbe619967,6.18.35,413a1d7e0a574cfc9e6d8e4f689e2a802701cfd26be6b8be85383971bf00fa5e,observed / SAGE-MM 실증,actually_measured,actual_experimental_result,DTV Mono/.NET6,user-specified,partial
observed,False,research_actual_sage_mm,G0I1R0C0,0,1,0,0,3,2026090603,2026-09-05T07:08:56.106577Z,2026-09-05T07:08:56.124725Z,0.016894857,22896,22202,3612,30723159,1734.248928959004,0.811239,1874,0,110921.3294909806,0.048683,0.0,770,bb2498ecbe619967,6.18.35,413a1d7e0a574cfc9e6d8e4f689e2a802701cfd26be6b8be85383971bf00fa5e,observed / SAGE-MM 실증,actually_measured,actual_experimental_result,DTV Mono/.NET6,user-specified,partial
observed,False,research_actual_sage_mm,G0I1R0C1,0,1,0,1,1,2026090602,2026-09-05T07:08:56.124918Z,2026-09-05T07:08:56.143395Z,0.017273447,22896,19162,3612,33536151,1851.5450841874106,0.822636,1,0,57.89232456034976,0.211167,0.32440542990637594,840,bb2498ecbe619967,6.18.35,413a1d7e0a574cfc9e6d8e4f689e2a802701cfd26be6b8be85383971bf00fa5e,observed / SAGE-MM 실증,actually_measured,actual_experimental_result,DTV Mono/.NET6,user-specified,partial
observed,False,research_actual_sage_mm,G0I1R0C1,0,1,0,1,2,2026090603,2026-09-05T07:08:56.143599Z,2026-09-05T07:08:56.162946Z,0.018134811,22896,19162,3612,33532854,1763.4273450989142,0.833343,0,0,0.0,0.799642,0.3090244502686022,840,bb2498ecbe619967,6.18.35,413a1d7e0a574cfc9e6d8e4f689e2a802701cfd26be6b8be85383971bf00fa5e,observed / SAGE-MM 실증,actually_measured,actual_experimental_result,DTV Mono/.NET6,user-specified,partial
observed,False,research_actual_sage_mm,G0I1R0C1,0,1,0,1,3,2026090604,2026-09-05T07:08:56.163186Z,2026-09-05T07:08:56.182309Z,0.017718425,22896,19162,3612,33570450,1806.8917499834322,0.931039,0,0,0.0,0.096685,0.3091809796863999,840,bb2498ecbe619967,6.18.35,413a1d7e0a574cfc9e6d8e4f689e2a802701cfd26be6b8be85383971bf00fa5e,observed / SAGE-MM 실증,actually_measured,actual_experimental_result,DTV Mono/.NET6,user-specified,partial
observed,False,research_actual_sage_mm,G0I1R1C0,0,1,1,0,1,2026090611,2026-09-05T07:08:56.182555Z,2026-09-05T07:08:56.200697Z,0.016971693,22896,19162,3612,33567807,1886.244076768413,0.857959,0,0,0.0,0.058027,0.0,840,bb2498ecbe619967,6.18.35,413a1d7e0a574cfc9e6d8e4f689e2a802701cfd26be6b8be85383971bf00fa5e,observed / SAGE-MM 실증,actually_measured,actual_experimental_result,DTV Mono/.NET6,user-specified,partial
observed,False,research_actual_sage_mm,G0I1R1C0,0,1,1,0,2,2026090612,2026-09-05T07:08:56.200935Z,2026-09-05T07:08:56.219060Z,0.016958874,22896,19162,3612,33478935,1882.6721898007072,0.888705,0,0,0.0,0.055764,0.0,840,bb2498ecbe619967,6.18.35,413a1d7e0a574cfc9e6d8e4f689e2a802701cfd26be6b8be85383971bf00fa5e,observed / SAGE-MM 실증,actually_measured,actual_experimental_result,DTV Mono/.NET6,user-specified,partial
observed,False,research_actual_sage_mm,G0I1R1C0,0,1,1,0,3,2026090613,2026-09-05T07:08:56.219278Z,2026-09-05T07:08:56.237102Z,0.016465102,22896,19162,3612,33513858,1941.1544257840696,0.83191,0,0,0.0,0.036235,0.0,840,bb2498ecbe619967,6.18.35,413a1d7e0a574cfc9e6d8e4f689e2a802701cfd26be6b8be85383971bf00fa5e,observed / SAGE-MM 실증,actually_measured,actual_experimental_result,DTV Mono/.NET6,user-specified,partial
observed,False,research_actual_sage_mm,G0I1R1C1,0,1,1,1,1,2026090612,2026-09-05T07:08:56.237288Z,2026-09-05T07:08:56.257025Z,0.018581792,22896,19166,3612,36274119,1861.6985724823508,0.855936,1,0,53.81612279375423,0.369376,0.015396792731293085,910,bb2498ecbe619967,6.18.35,413a1d7e0a574cfc9e6d8e4f689e2a802701cfd26be6b8be85383971bf00fa5e,observed / SAGE-MM 실증,actually_measured,actual_experimental_result,DTV Mono/.NET6,user-specified,partial
observed,False,research_actual_sage_mm,G0I1R1C1,0,1,1,1,2,2026090613,2026-09-05T07:08:56.257214Z,2026-09-05T07:08:56.276607Z,0.01826686,22896,19166,3612,36297192,1895.0000037262237,0.823298,0,0,0.0,0.088113,0.014912250928731047,910,bb2498ecbe619967,6.18.35,413a1d7e0a574cfc9e6d8e4f689e2a802701cfd26be6b8be85383971bf00fa5e,observed / SAGE-MM 실증,actually_measured,actual_experimental_result,DTV Mono/.NET6,user-specified,partial
observed,False,research_actual_sage_mm,G0I1R1C1,0,1,1,1,3,2026090614,2026-09-05T07:08:56.276801Z,2026-09-05T07:08:56.296558Z,0.018425078,22896,19166,3612,36342585,1881.0769705458524,0.810578,0,0,0.0,0.062323,0.01273264623357361,910,bb2498ecbe619967,6.18.35,413a1d7e0a574cfc9e6d8e4f689e2a802701cfd26be6b8be85383971bf00fa5e,observed / SAGE-MM 실증,actually_measured,actual_experimental_result,DTV Mono/.NET6,user-specified,partial
observed,False,research_actual_sage_mm,G1I0R0C0,1,0,0,0,1,2026091501,2026-09-05T07:08:56.296897Z,2026-09-05T07:08:56.306924Z,0.008580774,22896,19166,3612,7103596,789.4995322480434,0.828975,0,0,0.0,0.74495,0.0,770,bb2498ecbe619967,6.18.35,413a1d7e0a574cfc9e6d8e4f689e2a802701cfd26be6b8be85383971bf00fa5e,observed / SAGE-MM 실증,actually_measured,actual_experimental_result,DTV Mono/.NET6,user-specified,partial
observed,False,research_actual_sage_mm,G1I0R0C0,1,0,0,0,2,2026091502,2026-09-05T07:08:56.307154Z,2026-09-05T07:08:56.316887Z,0.008442045,22896,19170,3612,7062372,797.8164993560968,0.927204,0,0,0.0,0.004467,0.0,770,bb2498ecbe619967,6.18.35,413a1d7e0a574cfc9e6d8e4f689e2a802701cfd26be6b8be85383971bf00fa5e,observed / SAGE-MM 실증,actually_measured,actual_experimental_result,DTV Mono/.NET6,user-specified,partial
observed,False,research_actual_sage_mm,G1I0R0C0,1,0,0,0,3,2026091503,2026-09-05T07:08:56.317073Z,2026-09-05T07:08:56.328474Z,0.010204354,22896,19174,3612,7096332,663.2060754744294,1.373624,0,0,0.0,0.560993,0.0,770,bb2498ecbe619967,6.18.35,413a1d7e0a574cfc9e6d8e4f689e2a802701cfd26be6b8be85383971bf00fa5e,observed / SAGE-MM 실증,actually_measured,actual_experimental_result,DTV Mono/.NET6,user-specified,partial
observed,False,research_actual_sage_mm,G1I0R0C1,1,0,0,1,1,2026091502,2026-09-05T07:08:56.328646Z,2026-09-05T07:08:56.338116Z,0.008110518,22896,19174,3612,7705203,906.0153992379261,0.840183,0,0,0.0,0.004176,0.5198681514546912,840,bb2498ecbe619967,6.18.35,413a1d7e0a574cfc9e6d8e4f689e2a802701cfd26be6b8be85383971bf00fa5e,observed / SAGE-MM 실증,actually_measured,actual_experimental_result,DTV Mono/.NET6,user-specified,partial
observed,False,research_actual_sage_mm,G1I0R0C1,1,0,0,1,2,2026091503,2026-09-05T07:08:56.338279Z,2026-09-05T07:08:56.347213Z,0.007910287,22896,19174,3612,7750752,934.4405727926654,0.837058,0,0,0.0,0.015032,0.5176044813544692,840,bb2498ecbe619967,6.18.35,413a1d7e0a574cfc9e6d8e4f689e2a802701cfd26be6b8be85383971bf00fa5e,observed / SAGE-MM 실증,actually_measured,actual_experimental_result,DTV Mono/.NET6,user-specified,partial
observed,False,research_actual_sage_mm,G1I0R0C1,1,0,0,1,3,2026091504,2026-09-05T07:08:56.347358Z,2026-09-05T07:08:56.355934Z,0.007521853,22896,19174,3612,7738071,981.087980744642,0.769166,0,0,0.0,0.004036,0.5181037172622225,840,bb2498ecbe619967,6.18.35,413a1d7e0a574cfc9e6d8e4f689e2a802701cfd26be6b8be85383971bf00fa5e,observed / SAGE-MM 실증,actually_measured,actual_experimental_result,DTV Mono/.NET6,user-specified,partial
observed,False,research_actual_sage_mm,G1I0R1C0,1,0,1,0,1,2026091511,2026-09-05T07:08:56.356082Z,2026-09-05T07:08:56.364726Z,0.00754644,22896,19174,3612,7722317,975.9006082400925,0.773002,0,0,0.0,0.004747,0.0,840,bb2498ecbe619967,6.18.35,413a1d7e0a574cfc9e6d8e4f689e2a802701cfd26be6b8be85383971bf00fa5e,observed / SAGE-MM 실증,actually_measured,actual_experimental_result,DTV Mono/.NET6,user-specified,partial
observed,False,research_actual_sage_mm,G1I0R1C0,1,0,1,0,2,2026091512,2026-09-05T07:08:56.364900Z,2026-09-05T07:08:56.373571Z,0.007575774,22896,19178,3612,7752839,975.9640973361553,0.77837,0,0,0.0,0.002384,0.0,840,bb2498ecbe619967,6.18.35,413a1d7e0a574cfc9e6d8e4f689e2a802701cfd26be6b8be85383971bf00fa5e,observed / SAGE-MM 실증,actually_measured,actual_experimental_result,DTV Mono/.NET6,user-specified,partial
observed,False,research_actual_sage_mm,G1I0R1C0,1,0,1,0,3,2026091513,2026-09-05T07:08:56.373749Z,2026-09-05T07:08:56.382879Z,0.008004017,22896,19178,3612,7760596,924.670835307456,0.866452,0,0,0.0,0.029554,0.0,840,bb2498ecbe619967,6.18.35,413a1d7e0a574cfc9e6d8e4f689e2a802701cfd26be6b8be85383971bf00fa5e,observed / SAGE-MM 실증,actually_measured,actual_experimental_result,DTV Mono/.NET6,user-specified,partial
observed,False,research_actual_sage_mm,G1I0R1C1,1,0,1,1,1,2026091512,2026-09-05T07:08:56.383055Z,2026-09-05T07:08:56.392859Z,0.008706984,22896,19182,3612,8389595,918.9107590585091,0.812551,1,0,114.85033164181766,0.04682,0.02782823535681242,910,bb2498ecbe619967,6.18.35,413a1d7e0a574cfc9e6d8e4f689e2a802701cfd26be6b8be85383971bf00fa5e,observed / SAGE-MM 실증,actually_measured,actual_experimental_result,DTV Mono/.NET6,user-specified,partial
observed,False,research_actual_sage_mm,G1I0R1C1,1,0,1,1,2,2026091513,2026-09-05T07:08:56.393017Z,2026-09-05T07:08:56.403021Z,0.008971221,22896,19182,3612,8405401,893.5255360218425,0.890869,0,0,0.0,0.052359,0.025771296905961853,910,bb2498ecbe619967,6.18.35,413a1d7e0a574cfc9e6d8e4f689e2a802701cfd26be6b8be85383971bf00fa5e,observed / SAGE-MM 실증,actually_measured,actual_experimental_result,DTV Mono/.NET6,user-specified,partial
observed,False,research_actual_sage_mm,G1I0R1C1,1,0,1,1,3,2026091514,2026-09-05T07:08:56.403201Z,2026-09-05T07:08:56.412647Z,0.008388726,22896,19182,3612,8404322,955.4473513866119,0.781695,0,0,0.0,0.002724,0.02939659729022023,910,bb2498ecbe619967,6.18.35,413a1d7e0a574cfc9e6d8e4f689e2a802701cfd26be6b8be85383971bf00fa5e,observed / SAGE-MM 실증,actually_measured,actual_experimental_result,DTV Mono/.NET6,user-specified,partial
observed,False,research_actual_sage_mm,G1I1R0C0,1,1,0,0,1,2026091601,2026-09-05T07:08:56.412818Z,2026-09-05T07:08:56.428035Z,0.014034619,22896,19678,3612,23283375,1582.1417550954088,0.79867,124,0,8835.29506572284,0.026049,0.0,840,bb2498ecbe619967,6.18.35,413a1d7e0a574cfc9e6d8e4f689e2a802701cfd26be6b8be85383971bf00fa5e,observed / SAGE-MM 실증,actually_measured,actual_experimental_result,DTV Mono/.NET6,user-specified,partial
observed,False,research_actual_sage_mm,G1I1R0C0,1,1,0,0,2,2026091602,2026-09-05T07:08:56.428520Z,2026-09-05T07:08:56.444330Z,0.014526208,22896,19570,3612,23234187,1525.3703791436815,0.89842,96,0,6608.744690975098,0.084377,0.0,840,bb2498ecbe619967,6.18.35,413a1d7e0a574cfc9e6d8e4f689e2a802701cfd26be6b8be85383971bf00fa5e,observed / SAGE-MM 실증,actually_measured,actual_experimental_result,DTV Mono/.NET6,user-specified,partial
observed,False,research_actual_sage_mm,G1I1R0C0,1,1,0,0,3,2026091603,2026-09-05T07:08:56.444546Z,2026-09-05T07:08:56.460091Z,0.014174029,22896,19614,3612,23266065,1565.415777993567,0.823457,107,0,7549.017996223939,0.031517,0.0,840,bb2498ecbe619967,6.18.35,413a1d7e0a574cfc9e6d8e4f689e2a802701cfd26be6b8be85383971bf00fa5e,observed / SAGE-MM 실증,actually_measured,actual_experimental_result,DTV Mono/.NET6,user-specified,partial
observed,False,research_actual_sage_mm,G1I1R0C1,1,1,0,1,1,2026091602,2026-09-05T07:08:56.460321Z,2026-09-05T07:08:56.476810Z,0.015261203,22896,19186,3612,25203789,1574.9876497562063,0.7918,0,0,0.0,0.027371,0.3582351928612705,910,bb2498ecbe619967,6.18.35,413a1d7e0a574cfc9e6d8e4f689e2a802701cfd26be6b8be85383971bf00fa5e,observed / SAGE-MM 실증,actually_measured,actual_experimental_result,DTV Mono/.NET6,user-specified,partial
observed,False,research_actual_sage_mm,G1I1R0C1,1,1,0,1,2,2026091603,2026-09-05T07:08:56.477023Z,2026-09-05T07:08:56.493627Z,0.015378719,22896,19186,3612,25223697,1564.186977713383,0.808906,0,0,0.0,0.115734,0.35414523147214017,910,bb2498ecbe619967,6.18.35,413a1d7e0a574cfc9e6d8e4f689e2a802701cfd26be6b8be85383971bf00fa5e,observed / SAGE-MM 실증,actually_measured,actual_experimental_result,DTV Mono/.NET6,user-specified,partial
observed,False,research_actual_sage_mm,G1I1R0C1,1,1,0,1,3,2026091604,2026-09-05T07:08:56.493854Z,2026-09-05T07:08:56.510776Z,0.01577833,22896,19186,3612,25127763,1518.7730388351151,0.814664,0,0,0.0,0.194552,0.35545586890374326,910,bb2498ecbe619967,6.18.35,413a1d7e0a574cfc9e6d8e4f689e2a802701cfd26be6b8be85383971bf00fa5e,observed / SAGE-MM 실증,actually_measured,actual_experimental_result,DTV Mono/.NET6,user-specified,partial
observed,False,research_actual_sage_mm,G1I1R1C0,1,1,1,0,1,2026091611,2026-09-05T07:08:56.510953Z,2026-09-05T07:08:56.527404Z,0.015336566,22896,19190,3612,25183383,1565.9793442235882,0.84534,0,0,0.0,0.064387,0.0,910,bb2498ecbe619967,6.18.35,413a1d7e0a574cfc9e6d8e4f689e2a802701cfd26be6b8be85383971bf00fa5e,observed / SAGE-MM 실증,actually_measured,actual_experimental_result,DTV Mono/.NET6,user-specified,partial
observed,False,research_actual_sage_mm,G1I1R1C0,1,1,1,0,2,2026091612,2026-09-05T07:08:56.527570Z,2026-09-05T07:08:56.544499Z,0.015845381,22896,19190,3612,25085655,1509.811905673207,0.869196,0,0,0.0,0.074111,0.0,910,bb2498ecbe619967,6.18.35,413a1d7e0a574cfc9e6d8e4f689e2a802701cfd26be6b8be85383971bf00fa5e,observed / SAGE-MM 실증,actually_measured,actual_experimental_result,DTV Mono/.NET6,user-specified,partial
observed,False,research_actual_sage_mm,G1I1R1C0,1,1,1,0,3,2026091613,2026-09-05T07:08:56.544670Z,2026-09-05T07:08:56.561137Z,0.015362575,22896,19190,3612,25184523,1563.3988934825368,0.809246,0,0,0.0,0.084206,0.0,910,bb2498ecbe619967,6.18.35,413a1d7e0a574cfc9e6d8e4f689e2a802701cfd26be6b8be85383971bf00fa5e,observed / SAGE-MM 실증,actually_measured,actual_experimental_result,DTV Mono/.NET6,user-specified,partial
observed,False,research_actual_sage_mm,G1I1R1C1,1,1,1,1,1,2026091612,2026-09-05T07:08:56.561312Z,2026-09-05T07:08:56.578104Z,0.015673723,22896,19190,3612,27007080,1643.257224663783,0.809787,0,0,0.0,0.034151,0.016741395774316034,980,bb2498ecbe619967,6.18.35,413a1d7e0a574cfc9e6d8e4f689e2a802701cfd26be6b8be85383971bf00fa5e,observed / SAGE-MM 실증,actually_measured,actual_experimental_result,DTV Mono/.NET6,user-specified,partial
observed,False,research_actual_sage_mm,G1I1R1C1,1,1,1,1,2,2026091613,2026-09-05T07:08:56.578283Z,2026-09-05T07:08:56.596950Z,0.017218874,22896,19190,3612,27111981,1501.6080579133247,0.929697,0,0,0.0,0.397808,0.01652256703893646,980,bb2498ecbe619967,6.18.35,413a1d7e0a574cfc9e6d8e4f689e2a802701cfd26be6b8be85383971bf00fa5e,observed / SAGE-MM 실증,actually_measured,actual_experimental_result,DTV Mono/.NET6,user-specified,partial
observed,False,research_actual_sage_mm,G1I1R1C1,1,1,1,1,3,2026091614,2026-09-05T07:08:56.597135Z,2026-09-05T07:08:56.614323Z,0.01605087,22896,19194,3612,27125790,1611.6988820686663,0.818289,0,0,0.0,0.062063,0.01727632209344416,980,bb2498ecbe619967,6.18.35,413a1d7e0a574cfc9e6d8e4f689e2a802701cfd26be6b8be85383971bf00fa5e,observed / SAGE-MM 실증,actually_measured,actual_experimental_result,DTV Mono/.NET6,user-specified,partial
