simulation,treatment,run_id,seed,peak_pss_index,allocation_index,gc_p99_index,fault_rate_index,input_p99_index,controller_cpu_index
true,G0I0R0C0,1,20260829,98.5448,98.6210,103.3771,96.2077,105.6858,0.0855
true,G0I0R0C0,2,20260829,102.0307,103.2501,106.3091,103.8424,98.7757,0.0000
true,G0I0R0C0,3,20260829,97.6344,101.1872,101.5011,99.7800,95.3374,0.0000
true,G0I0R0C0,4,20260829,102.6973,97.9787,99.9984,98.6205,100.0021,0.0000
true,G0I0R0C0,5,20260829,99.1014,102.3621,102.5059,97.2286,101.6099,0.0000
true,G0I0R0C0,6,20260829,98.1125,98.1766,98.3084,110.9637,96.5407,0.0000
true,G0I0R0C0,7,20260829,100.7444,100.0700,101.0277,98.9951,99.2090,0.0213
true,G0I0R0C0,8,20260829,99.3360,100.0943,97.3085,97.3897,97.3029,0.0000
true,G0I0R0C0,9,20260829,100.6517,100.1231,99.0970,100.0987,100.5972,0.0000
true,G0I0R0C0,10,20260829,99.1963,102.5574,99.1342,110.2522,99.3274,0.0000
true,G0I0R0C0,11,20260829,101.5303,98.2294,104.1514,92.4729,100.2614,0.0575
true,G0I0R0C0,12,20260829,99.5903,103.2750,103.4195,101.5431,101.2518,0.0569
true,G0I0R0C0,13,20260829,99.9478,100.8538,94.0710,96.6137,101.3730,0.0000
true,G0I0R0C0,14,20260829,101.7707,98.4266,100.4446,104.1046,97.6249,0.0319
true,G0I0R0C0,15,20260829,98.8720,102.5044,99.2330,85.9781,105.2019,0.0229
true,G0I0R0C0,16,20260829,100.1817,98.4051,98.5475,104.9727,100.0126,0.0000
true,G0I0R0C0,17,20260829,100.3121,102.9630,99.2339,95.7094,100.0537,0.1924
true,G0I0R0C0,18,20260829,101.2468,99.6633,99.3364,111.7362,103.8056,0.0096
true,G0I0R0C0,19,20260829,101.3100,97.0820,96.5459,107.1900,96.9512,0.0000
true,G0I0R0C0,20,20260829,100.0225,98.2805,102.1681,101.7509,98.7995,0.0668
true,G0I0R0C0,21,20260829,100.7737,101.1073,98.0014,97.3430,99.8036,0.0000
true,G0I0R0C0,22,20260829,101.0372,98.5399,98.7320,97.5130,97.2124,0.0071
true,G0I0R0C0,23,20260829,96.6191,104.5921,102.2873,83.3237,102.5439,0.0000
true,G0I0R0C0,24,20260829,100.0736,102.8064,100.9798,106.2752,100.1396,0.0000
true,G0I0R0C0,25,20260829,96.1465,99.2150,98.7791,111.3668,103.1559,0.0000
true,G0I0R0C0,26,20260829,101.8630,100.1768,100.9048,99.4988,98.5659,0.0000
true,G0I0R0C0,27,20260829,99.9270,99.6410,98.0570,94.3197,103.0198,0.0000
true,G0I0R0C0,28,20260829,101.7953,101.9050,102.1663,88.3248,99.2798,0.0000
true,G0I0R0C0,29,20260829,101.4721,97.1393,98.7757,88.4830,97.3011,0.1916
true,G0I0R0C0,30,20260829,101.5248,98.1374,100.7032,90.9258,101.6095,0.0049
true,G0I0R0C1,1,20260829,97.6854,100.2905,93.3888,109.5085,91.8499,1.0154
true,G0I0R0C1,2,20260829,97.5448,104.0105,91.1138,91.6014,91.3820,1.0363
true,G0I0R0C1,3,20260829,97.2952,95.8561,87.1803,105.2216,90.0802,1.0180
true,G0I0R0C1,4,20260829,100.8860,103.6334,90.7171,93.3845,89.9734,0.9600
true,G0I0R0C1,5,20260829,100.0204,100.6554,87.8562,105.1919,93.6640,0.9862
true,G0I0R0C1,6,20260829,93.2074,100.4938,91.3854,99.0517,92.4424,1.0375
true,G0I0R0C1,7,20260829,98.9384,98.6816,93.4762,103.2812,93.3024,0.9305
true,G0I0R0C1,8,20260829,99.2652,99.5239,91.7061,110.3615,92.2573,0.9404
true,G0I0R0C1,9,20260829,97.7444,98.9159,90.5914,94.0202,92.6767,0.9278
true,G0I0R0C1,10,20260829,100.7306,100.7609,89.7862,86.8355,87.4696,1.1383
true,G0I0R0C1,11,20260829,98.2117,95.0245,93.2007,98.7719,91.2163,0.9828
true,G0I0R0C1,12,20260829,93.7194,96.5947,87.0009,109.0869,93.2770,0.8939
true,G0I0R0C1,13,20260829,98.7521,102.0458,86.9844,102.0739,92.5309,1.0262
true,G0I0R0C1,14,20260829,97.5427,100.3195,89.5783,90.8154,90.0719,0.9080
true,G0I0R0C1,15,20260829,94.5605,94.3823,90.1895,112.3730,90.4778,1.1285
true,G0I0R0C1,16,20260829,98.9095,99.1383,92.0827,103.9489,95.9260,0.9578
true,G0I0R0C1,17,20260829,98.3623,98.3709,88.2765,89.7761,91.4706,1.0229
true,G0I0R0C1,18,20260829,97.8651,100.3468,88.4709,112.5845,91.2528,0.9033
true,G0I0R0C1,19,20260829,101.1397,103.2774,89.8564,98.8076,96.1006,1.0582
true,G0I0R0C1,20,20260829,99.6698,101.4314,87.4808,104.2703,94.1879,1.0039
true,G0I0R0C1,21,20260829,101.9974,100.0418,85.5686,96.8919,93.9978,0.8106
true,G0I0R0C1,22,20260829,97.9837,100.2408,92.7577,105.2630,91.0975,1.0119
true,G0I0R0C1,23,20260829,98.4006,101.8901,96.7601,97.4850,91.5999,1.0556
true,G0I0R0C1,24,20260829,100.6987,99.7534,89.6750,98.9928,93.4181,0.9656
true,G0I0R0C1,25,20260829,99.6312,97.9795,89.1391,95.3257,94.0964,1.0627
true,G0I0R0C1,26,20260829,98.5090,103.3233,88.6550,107.7885,92.6131,1.0204
true,G0I0R0C1,27,20260829,97.0592,104.1009,89.7267,104.4345,90.8793,1.0202
true,G0I0R0C1,28,20260829,101.6630,100.9491,89.5640,105.0234,91.6383,0.9730
true,G0I0R0C1,29,20260829,99.8756,104.2097,91.3982,103.6101,92.5340,0.9828
true,G0I0R0C1,30,20260829,99.9150,96.9750,91.3713,96.2077,91.6522,1.0743
true,G0I0R1C0,1,20260829,92.8303,99.9909,105.6444,154.4848,100.2216,0.2466
true,G0I0R1C0,2,20260829,91.3673,103.6301,98.9820,159.2931,105.7907,0.1015
true,G0I0R1C0,3,20260829,93.5488,99.6972,100.8653,152.4265,105.8879,0.2319
true,G0I0R1C0,4,20260829,89.4769,95.8910,98.3557,169.6236,102.6221,0.2091
true,G0I0R1C0,5,20260829,91.9218,98.0664,98.0310,164.5607,103.9991,0.2300
true,G0I0R1C0,6,20260829,89.9693,99.9163,96.7186,157.3574,107.4515,0.0937
true,G0I0R1C0,7,20260829,88.5071,101.2103,98.4984,161.6428,106.9590,0.3411
true,G0I0R1C0,8,20260829,91.3789,105.0066,96.4228,172.7162,106.4100,0.1536
true,G0I0R1C0,9,20260829,89.7730,101.6431,97.5545,160.4196,99.4704,0.0539
true,G0I0R1C0,10,20260829,91.8612,102.1420,98.8154,154.7189,108.6841,0.1780
true,G0I0R1C0,11,20260829,89.2448,104.6328,104.4585,157.5638,103.9616,0.2751
true,G0I0R1C0,12,20260829,92.6624,98.1190,98.8916,154.6005,101.7973,0.3017
true,G0I0R1C0,13,20260829,91.8886,97.7258,97.2365,167.1597,104.0993,0.3054
true,G0I0R1C0,14,20260829,92.4519,99.2667,99.8996,155.0706,108.4728,0.1507
true,G0I0R1C0,15,20260829,93.4005,99.0754,99.9057,158.0991,101.9647,0.2702
true,G0I0R1C0,16,20260829,91.7065,97.7915,103.7191,155.0380,107.9810,0.2072
true,G0I0R1C0,17,20260829,88.9943,98.4998,104.5223,167.8617,108.0325,0.2150
true,G0I0R1C0,18,20260829,89.1113,98.4046,99.5648,160.8076,104.7551,0.2810
true,G0I0R1C0,19,20260829,89.0464,99.8534,103.4482,163.4738,105.6354,0.1641
true,G0I0R1C0,20,20260829,90.7004,96.8331,99.4101,156.6289,107.5516,0.2068
true,G0I0R1C0,21,20260829,90.2817,103.9671,97.3682,146.5996,101.0948,0.2618
true,G0I0R1C0,22,20260829,93.4434,102.3856,103.7524,156.3509,105.6834,0.2768
true,G0I0R1C0,23,20260829,92.4177,102.6961,102.8048,164.5040,105.9435,0.1498
true,G0I0R1C0,24,20260829,96.1433,102.1608,100.0796,161.9256,108.0052,0.2546
true,G0I0R1C0,25,20260829,91.5800,100.3089,101.0178,167.6646,106.5551,0.1906
true,G0I0R1C0,26,20260829,90.8326,99.9261,103.7746,157.1783,108.5459,0.1607
true,G0I0R1C0,27,20260829,91.3181,98.7657,99.1072,157.3432,102.9639,0.2431
true,G0I0R1C0,28,20260829,93.0259,102.4855,105.6588,157.9027,104.8694,0.2171
true,G0I0R1C0,29,20260829,89.0890,98.1899,103.3094,162.1883,105.5003,0.1875
true,G0I0R1C0,30,20260829,95.8443,100.4911,96.0044,155.9741,104.0941,0.2454
true,G0I0R1C1,1,20260829,86.5712,102.9676,91.4621,117.5052,97.3056,1.2833
true,G0I0R1C1,2,20260829,89.6470,99.8587,97.5954,130.6131,97.1719,1.2990
true,G0I0R1C1,3,20260829,90.9124,97.7289,85.7716,124.8599,99.7048,1.2374
true,G0I0R1C1,4,20260829,86.6359,103.7029,93.0664,142.6337,93.9437,1.2175
true,G0I0R1C1,5,20260829,88.6790,99.7034,90.1939,131.3009,94.9935,1.0768
true,G0I0R1C1,6,20260829,86.9842,101.7914,89.8031,134.2882,91.0942,1.2634
true,G0I0R1C1,7,20260829,90.5066,101.0352,88.8724,132.9553,98.0806,1.1533
true,G0I0R1C1,8,20260829,89.7302,101.7291,89.5912,133.9928,94.5227,1.0439
true,G0I0R1C1,9,20260829,86.9909,99.5602,91.0695,129.2143,94.1903,1.2256
true,G0I0R1C1,10,20260829,88.5940,102.0351,89.0389,125.7535,97.2728,1.2415
true,G0I0R1C1,11,20260829,90.3341,96.6371,92.5765,111.3610,98.2085,1.2568
true,G0I0R1C1,12,20260829,90.6553,97.1439,89.3334,121.5060,103.3596,1.1557
true,G0I0R1C1,13,20260829,85.8701,97.4237,96.2539,116.9285,97.0535,1.2749
true,G0I0R1C1,14,20260829,89.9687,101.1694,87.2812,127.2279,99.2052,1.0825
true,G0I0R1C1,15,20260829,90.1344,101.6888,88.3270,127.4947,92.5688,1.1010
true,G0I0R1C1,16,20260829,87.7918,97.8785,91.9303,130.6336,98.9946,1.2962
true,G0I0R1C1,17,20260829,91.1773,101.5071,92.5261,129.4222,95.3887,1.1608
true,G0I0R1C1,18,20260829,86.9353,95.6542,91.2329,128.7756,98.2768,1.2737
true,G0I0R1C1,19,20260829,91.0847,101.3249,90.3802,134.6480,95.0036,1.1794
true,G0I0R1C1,20,20260829,90.0060,100.6201,85.3550,114.7062,97.9577,1.1108
true,G0I0R1C1,21,20260829,90.7975,102.8566,87.3527,117.2806,95.2307,1.1246
true,G0I0R1C1,22,20260829,91.1234,96.0097,91.5192,120.3464,97.9056,1.3374
true,G0I0R1C1,23,20260829,87.4822,101.2664,91.7106,129.1281,94.0868,1.2260
true,G0I0R1C1,24,20260829,91.4771,104.4910,93.3795,124.3392,94.9620,1.2350
true,G0I0R1C1,25,20260829,92.3107,98.4445,88.9722,114.0956,98.6968,1.1647
true,G0I0R1C1,26,20260829,92.3343,98.5465,87.5246,120.4591,97.7996,1.1276
true,G0I0R1C1,27,20260829,88.6667,102.0992,90.2296,127.3962,96.0102,1.1777
true,G0I0R1C1,28,20260829,92.3433,96.0152,87.9463,115.4980,99.4228,1.2776
true,G0I0R1C1,29,20260829,91.1146,99.0420,91.1210,122.3323,96.0899,1.2064
true,G0I0R1C1,30,20260829,91.0396,102.1503,89.4769,122.0206,94.3741,1.2342
true,G0I1R0C0,1,20260829,91.6898,73.1603,94.3325,110.5852,97.8438,0.2363
true,G0I1R0C0,2,20260829,93.1984,74.3898,98.7707,98.8585,96.8535,0.0000
true,G0I1R0C0,3,20260829,89.5316,71.4976,96.2596,92.2279,98.4576,0.1143
true,G0I1R0C0,4,20260829,95.8927,66.4172,96.7586,105.8627,99.5378,0.1173
true,G0I1R0C0,5,20260829,93.0269,71.3192,99.5630,88.0033,92.6152,0.0914
true,G0I1R0C0,6,20260829,93.2932,70.7178,94.0873,103.8538,93.6292,0.2340
true,G0I1R0C0,7,20260829,93.5565,76.7088,92.6350,112.1115,94.7517,0.0528
true,G0I1R0C0,8,20260829,92.8901,72.2942,90.1625,98.9996,96.5769,0.1296
true,G0I1R0C0,9,20260829,93.8974,73.9895,95.9526,96.1116,93.7919,0.0969
true,G0I1R0C0,10,20260829,97.3969,73.3229,91.4232,93.6060,94.8636,0.2193
true,G0I1R0C0,11,20260829,95.2994,72.7349,94.9703,98.2812,96.7904,0.0362
true,G0I1R0C0,12,20260829,91.4907,71.5410,90.4977,91.7317,98.5327,0.0806
true,G0I1R0C0,13,20260829,89.5067,74.2920,93.9217,107.1948,91.1811,0.1787
true,G0I1R0C0,14,20260829,91.7515,69.9510,95.0988,110.7633,101.2929,0.0000
true,G0I1R0C0,15,20260829,91.2827,74.4145,95.4014,98.2263,98.6691,0.0915
true,G0I1R0C0,16,20260829,90.7530,74.4647,94.3060,102.6269,93.4019,0.1970
true,G0I1R0C0,17,20260829,91.3039,73.2683,94.0366,99.7615,96.0803,0.0387
true,G0I1R0C0,18,20260829,92.1285,75.6093,96.1935,89.4507,95.4706,0.1668
true,G0I1R0C0,19,20260829,91.1171,78.3601,96.7059,103.2303,96.4030,0.2507
true,G0I1R0C0,20,20260829,90.5445,72.4662,96.4869,103.6534,95.0700,0.0047
true,G0I1R0C0,21,20260829,95.5773,69.8206,96.4278,92.6276,92.4970,0.1231
true,G0I1R0C0,22,20260829,91.1961,68.5296,93.4790,100.1067,97.8721,0.2669
true,G0I1R0C0,23,20260829,93.6748,71.3804,91.7693,97.7190,98.1892,0.0000
true,G0I1R0C0,24,20260829,88.5381,68.4012,95.8386,104.5740,95.0290,0.1902
true,G0I1R0C0,25,20260829,93.7237,71.4722,94.0381,96.0784,96.1604,0.1780
true,G0I1R0C0,26,20260829,94.7407,69.8870,97.6361,100.1260,100.8808,0.0000
true,G0I1R0C0,27,20260829,91.4251,72.8500,92.3576,110.0575,97.8040,0.0730
true,G0I1R0C0,28,20260829,91.7214,72.9036,95.0390,98.0744,98.0949,0.0000
true,G0I1R0C0,29,20260829,90.6074,71.1604,92.1491,95.3916,98.9095,0.1158
true,G0I1R0C0,30,20260829,92.1723,71.5255,97.8356,101.6193,95.1071,0.1727
true,G0I1R0C1,1,20260829,89.8016,73.1123,86.9975,90.3878,89.0192,1.0300
true,G0I1R0C1,2,20260829,89.8141,70.9524,86.5830,110.7090,93.3327,1.1777
true,G0I1R0C1,3,20260829,88.4835,70.5159,85.9397,105.4735,86.5466,1.0795
true,G0I1R0C1,4,20260829,91.2249,75.0476,86.1135,98.9626,84.9391,1.1972
true,G0I1R0C1,5,20260829,90.6418,69.4516,85.9751,106.5690,90.1330,1.0248
true,G0I1R0C1,6,20260829,88.7296,75.0225,83.9059,101.7791,84.5773,1.0245
true,G0I1R0C1,7,20260829,91.7929,71.2204,84.1305,91.0171,94.2851,1.1048
true,G0I1R0C1,8,20260829,91.4640,71.4966,88.8190,103.5609,83.7850,1.1486
true,G0I1R0C1,9,20260829,88.3267,73.1366,83.4113,95.3422,87.1075,1.0099
true,G0I1R0C1,10,20260829,92.9020,75.1212,87.5808,100.6017,90.3074,1.0492
true,G0I1R0C1,11,20260829,93.0379,72.8267,84.9630,96.5250,89.2650,1.1109
true,G0I1R0C1,12,20260829,90.9904,73.6995,84.7002,88.7003,87.7238,1.1879
true,G0I1R0C1,13,20260829,91.1406,71.9774,90.0406,98.5205,87.5720,1.0692
true,G0I1R0C1,14,20260829,88.9350,76.4113,86.5021,84.8674,88.6561,1.1610
true,G0I1R0C1,15,20260829,91.3765,67.9333,88.9681,108.2395,88.4775,1.0679
true,G0I1R0C1,16,20260829,92.4414,70.9037,88.6532,101.7338,93.6163,1.2333
true,G0I1R0C1,17,20260829,91.2825,72.2576,84.9020,102.2035,89.8435,0.9480
true,G0I1R0C1,18,20260829,92.5846,74.8496,83.9062,95.2654,89.6762,1.2596
true,G0I1R0C1,19,20260829,88.9970,67.8906,86.5524,98.7559,88.2146,1.1113
true,G0I1R0C1,20,20260829,90.3235,74.9862,90.0541,95.9675,88.0298,1.1834
true,G0I1R0C1,21,20260829,88.5285,68.6736,88.4712,101.6776,88.1032,1.0837
true,G0I1R0C1,22,20260829,89.3200,74.8627,84.3041,104.4437,86.7461,0.9200
true,G0I1R0C1,23,20260829,90.0469,72.2613,84.1740,107.4990,86.5641,1.0181
true,G0I1R0C1,24,20260829,88.8544,69.5516,88.6352,96.6349,89.5059,1.1444
true,G0I1R0C1,25,20260829,91.0646,71.3902,80.5160,102.0203,89.3801,1.1629
true,G0I1R0C1,26,20260829,88.3932,72.6451,89.8879,106.5737,89.3505,1.0472
true,G0I1R0C1,27,20260829,93.1562,70.2932,85.7530,100.1450,85.7504,1.1175
true,G0I1R0C1,28,20260829,91.4497,71.7518,82.9578,101.6364,87.2875,1.1813
true,G0I1R0C1,29,20260829,91.0862,70.5887,88.5829,102.9496,88.3405,1.0742
true,G0I1R0C1,30,20260829,93.2525,76.4208,87.8715,100.9640,91.2562,1.0011
true,G0I1R1C0,1,20260829,85.2085,71.3703,99.0701,172.7605,102.7408,0.3647
true,G0I1R1C0,2,20260829,80.0476,64.7116,97.7588,158.6480,97.5307,0.2668
true,G0I1R1C0,3,20260829,88.8172,72.8765,94.3319,157.2641,104.3414,0.2835
true,G0I1R1C0,4,20260829,83.7211,76.3773,98.3279,164.8127,99.8884,0.3565
true,G0I1R1C0,5,20260829,85.3096,72.1907,94.6233,152.9744,99.5560,0.3311
true,G0I1R1C0,6,20260829,80.5470,75.3760,96.0001,156.7308,101.1531,0.1903
true,G0I1R1C0,7,20260829,83.9664,78.0738,97.8534,160.9231,103.6534,0.1877
true,G0I1R1C0,8,20260829,87.4042,74.9848,98.3985,158.0981,100.2430,0.3279
true,G0I1R1C0,9,20260829,85.8238,70.2377,94.3407,154.5759,104.8446,0.3210
true,G0I1R1C0,10,20260829,86.8087,69.0639,97.2551,153.9502,100.2203,0.1797
true,G0I1R1C0,11,20260829,84.0500,69.3599,93.7340,152.9974,99.3109,0.3937
true,G0I1R1C0,12,20260829,86.4329,70.1823,94.1455,152.9931,102.7696,0.4145
true,G0I1R1C0,13,20260829,86.4663,72.4357,95.0793,158.5926,100.8306,0.3187
true,G0I1R1C0,14,20260829,81.4430,69.2949,95.2399,161.1532,99.1432,0.2202
true,G0I1R1C0,15,20260829,81.3455,70.6637,93.8599,154.4785,103.4248,0.2154
true,G0I1R1C0,16,20260829,89.3534,66.9856,98.4040,160.6446,104.6671,0.3858
true,G0I1R1C0,17,20260829,84.8843,70.8442,94.7139,160.1323,100.4662,0.1809
true,G0I1R1C0,18,20260829,86.1638,70.5311,92.6396,160.5074,99.4701,0.1980
true,G0I1R1C0,19,20260829,85.8173,69.9326,96.2811,162.9440,98.5550,0.2457
true,G0I1R1C0,20,20260829,85.6253,76.4351,95.2734,163.4715,103.9462,0.3157
true,G0I1R1C0,21,20260829,85.8052,75.0935,95.6090,150.6235,99.7518,0.4177
true,G0I1R1C0,22,20260829,84.2566,71.8859,97.3397,152.8988,101.4773,0.2983
true,G0I1R1C0,23,20260829,79.8835,70.7809,91.9652,152.1286,100.3301,0.1502
true,G0I1R1C0,24,20260829,86.1835,70.5538,93.2641,160.5639,103.9435,0.3881
true,G0I1R1C0,25,20260829,83.4996,72.1521,94.6877,151.4598,105.0877,0.3448
true,G0I1R1C0,26,20260829,89.5781,73.2344,96.2858,170.1322,98.8060,0.2598
true,G0I1R1C0,27,20260829,83.7276,74.7437,91.6195,158.9043,100.5443,0.3406
true,G0I1R1C0,28,20260829,85.0945,67.6629,99.7940,171.6868,99.2995,0.2574
true,G0I1R1C0,29,20260829,87.3163,70.7061,98.9314,152.0718,100.5949,0.4179
true,G0I1R1C0,30,20260829,85.9158,69.2412,95.7756,156.1560,102.1987,0.3462
true,G0I1R1C1,1,20260829,83.8018,67.9306,83.3128,138.5724,88.7556,1.3561
true,G0I1R1C1,2,20260829,80.3346,69.4509,85.7276,122.8856,91.9340,1.3391
true,G0I1R1C1,3,20260829,83.1019,70.0953,81.0806,117.5919,89.2169,1.3472
true,G0I1R1C1,4,20260829,81.7751,70.4879,89.1095,114.0990,93.4706,1.2756
true,G0I1R1C1,5,20260829,84.1090,69.1912,84.7000,125.8297,94.9060,1.3226
true,G0I1R1C1,6,20260829,83.4480,75.2048,88.0270,115.6975,92.1933,1.3532
true,G0I1R1C1,7,20260829,85.0381,76.9930,88.1044,125.7713,89.8847,1.1935
true,G0I1R1C1,8,20260829,80.3013,71.5087,87.5644,127.4657,90.7335,1.4045
true,G0I1R1C1,9,20260829,85.6163,73.1352,84.7551,125.2640,95.0760,1.2185
true,G0I1R1C1,10,20260829,79.8602,69.7749,86.4593,121.2711,94.2350,1.2573
true,G0I1R1C1,11,20260829,83.2483,69.9461,82.4483,121.6037,90.2794,1.3373
true,G0I1R1C1,12,20260829,83.2038,72.8170,86.9384,119.9000,94.1555,1.2532
true,G0I1R1C1,13,20260829,80.8126,71.9927,87.5416,126.7693,90.8730,1.2908
true,G0I1R1C1,14,20260829,84.2499,72.0763,89.3187,123.5023,92.2426,1.1987
true,G0I1R1C1,15,20260829,84.1650,71.3915,82.0723,131.6595,89.6041,1.1861
true,G0I1R1C1,16,20260829,82.9567,71.7522,82.8477,135.2543,92.8236,1.2670
true,G0I1R1C1,17,20260829,82.4716,73.5691,83.8602,115.5311,91.0899,1.4040
true,G0I1R1C1,18,20260829,82.4056,70.0937,87.1577,119.9425,93.8763,1.2411
true,G0I1R1C1,19,20260829,84.8187,71.4912,89.1831,126.1608,92.6908,1.2613
true,G0I1R1C1,20,20260829,83.8431,71.2993,85.9480,134.8157,91.5945,1.2974
true,G0I1R1C1,21,20260829,84.0873,70.0244,86.9295,132.6493,90.0653,1.2744
true,G0I1R1C1,22,20260829,82.4593,75.1358,83.2070,128.1991,95.2209,1.2554
true,G0I1R1C1,23,20260829,82.2826,74.4275,84.6741,137.4910,89.8578,1.4277
true,G0I1R1C1,24,20260829,82.9387,74.1391,81.4800,136.7059,91.8204,1.2659
true,G0I1R1C1,25,20260829,84.3323,76.9252,84.0175,131.8225,92.1768,1.2849
true,G0I1R1C1,26,20260829,80.6660,70.6554,85.8369,129.8033,91.0705,1.1699
true,G0I1R1C1,27,20260829,83.4765,73.4676,89.1319,137.4978,91.9699,1.3287
true,G0I1R1C1,28,20260829,84.5996,73.9889,90.5240,125.4774,89.3544,1.3129
true,G0I1R1C1,29,20260829,81.2320,73.3754,85.6573,120.9568,88.6565,1.3582
true,G0I1R1C1,30,20260829,82.7972,74.9857,82.0021,116.6227,88.0770,1.2477
true,G1I0R0C0,1,20260829,95.1783,100.5312,76.8947,112.3398,86.4424,0.2840
true,G1I0R0C0,2,20260829,97.2886,98.0090,74.5883,102.6910,88.8010,0.1262
true,G1I0R0C0,3,20260829,98.1180,97.5652,72.5127,101.2600,90.5532,0.0795
true,G1I0R0C0,4,20260829,93.0920,97.9229,77.2424,108.2831,89.0958,0.1657
true,G1I0R0C0,5,20260829,92.9089,101.3495,75.9972,109.6916,92.9210,0.1563
true,G1I0R0C0,6,20260829,91.3953,102.5625,75.3887,117.6374,91.3734,0.1695
true,G1I0R0C0,7,20260829,94.7509,102.9449,76.5512,106.6355,88.7125,0.0000
true,G1I0R0C0,8,20260829,88.6755,95.0370,75.5169,99.9227,87.8907,0.0923
true,G1I0R0C0,9,20260829,93.8289,96.9625,71.7021,92.3463,95.5282,0.1301
true,G1I0R0C0,10,20260829,95.1838,102.8076,76.9689,101.0612,88.7545,0.1275
true,G1I0R0C0,11,20260829,97.0551,103.7864,72.8084,110.9228,90.2324,0.1001
true,G1I0R0C0,12,20260829,96.0989,100.7480,75.5739,108.9082,89.0521,0.1506
true,G1I0R0C0,13,20260829,95.4396,101.7683,73.5672,100.1729,86.1894,0.0471
true,G1I0R0C0,14,20260829,92.2755,97.2084,76.1468,97.0439,94.5783,0.0296
true,G1I0R0C0,15,20260829,95.4599,101.7472,72.4419,104.5641,88.8184,0.1587
true,G1I0R0C0,16,20260829,93.3804,96.6680,72.8648,95.7759,90.2582,0.0529
true,G1I0R0C0,17,20260829,94.4653,100.0202,76.8677,94.1314,90.5588,0.0507
true,G1I0R0C0,18,20260829,97.3702,101.4829,76.7233,98.9628,91.8667,0.0000
true,G1I0R0C0,19,20260829,92.8678,97.9881,70.0943,103.4036,91.8182,0.0524
true,G1I0R0C0,20,20260829,96.2675,98.9142,75.8114,109.7563,92.1355,0.0868
true,G1I0R0C0,21,20260829,90.6924,99.3488,70.1685,103.5150,89.1183,0.0194
true,G1I0R0C0,22,20260829,98.2300,101.2081,73.8405,101.6693,86.1347,0.0982
true,G1I0R0C0,23,20260829,91.6976,99.3950,73.6151,103.5912,88.9043,0.0000
true,G1I0R0C0,24,20260829,95.2307,96.4810,78.3711,107.9693,90.0303,0.0490
true,G1I0R0C0,25,20260829,95.6763,101.0253,72.2150,102.7890,91.5257,0.0873
true,G1I0R0C0,26,20260829,92.3683,96.5772,74.2238,98.5026,96.7277,0.1786
true,G1I0R0C0,27,20260829,93.7125,101.0882,74.4090,117.9140,88.1137,0.0000
true,G1I0R0C0,28,20260829,94.9470,102.3768,75.7147,90.1100,89.3737,0.0612
true,G1I0R0C0,29,20260829,98.1101,101.1453,74.7788,104.2765,87.6474,0.1766
true,G1I0R0C0,30,20260829,94.2874,99.2352,72.0262,102.5808,91.9601,0.0162
true,G1I0R0C1,1,20260829,89.6453,99.9067,67.8360,94.5488,83.2233,1.1483
true,G1I0R0C1,2,20260829,87.0318,101.0006,64.4367,111.9064,82.5629,1.1221
true,G1I0R0C1,3,20260829,93.3886,98.3292,69.9729,98.4271,82.1429,1.0285
true,G1I0R0C1,4,20260829,91.8444,97.0787,65.3688,91.2313,82.5521,1.2587
true,G1I0R0C1,5,20260829,92.2499,100.1243,67.9921,102.9436,84.0387,1.0868
true,G1I0R0C1,6,20260829,93.1279,99.4800,61.9753,98.0004,81.5065,0.9830
true,G1I0R0C1,7,20260829,85.5036,98.3815,68.8888,92.2278,83.3829,1.0963
true,G1I0R0C1,8,20260829,91.8881,96.7557,64.3595,88.7915,85.5432,1.0569
true,G1I0R0C1,9,20260829,94.8400,100.9616,64.2579,96.6935,82.7648,1.2215
true,G1I0R0C1,10,20260829,93.2574,100.2626,70.5968,112.1325,87.4742,1.2315
true,G1I0R0C1,11,20260829,95.2785,94.5878,69.1964,103.4787,82.2193,1.0154
true,G1I0R0C1,12,20260829,91.9922,92.5319,67.6986,108.0147,84.0006,1.0718
true,G1I0R0C1,13,20260829,89.1529,101.0615,67.3639,99.1687,84.1887,1.0703
true,G1I0R0C1,14,20260829,93.4950,103.8180,70.3894,84.2116,81.9763,1.1411
true,G1I0R0C1,15,20260829,90.7596,103.6938,69.1428,86.6199,81.8837,1.1976
true,G1I0R0C1,16,20260829,90.4617,98.9547,66.6786,106.1294,81.5372,0.9219
true,G1I0R0C1,17,20260829,91.3356,103.3219,71.5745,100.2556,82.8754,1.0831
true,G1I0R0C1,18,20260829,90.1609,100.2522,64.1546,97.7005,81.6688,1.0800
true,G1I0R0C1,19,20260829,93.8715,97.8828,65.3257,98.8944,80.3809,1.1227
true,G1I0R0C1,20,20260829,91.4730,99.7590,66.1517,95.0205,79.5119,1.2832
true,G1I0R0C1,21,20260829,94.4627,102.8742,68.6722,90.1908,82.5449,1.0995
true,G1I0R0C1,22,20260829,90.8874,102.2542,70.1460,82.5350,86.1957,1.1828
true,G1I0R0C1,23,20260829,88.7998,100.3547,68.0305,106.6218,85.0820,1.0408
true,G1I0R0C1,24,20260829,90.1214,104.6356,72.3635,97.9797,85.1201,0.9890
true,G1I0R0C1,25,20260829,96.6582,100.0554,72.1421,94.6248,79.1524,1.0030
true,G1I0R0C1,26,20260829,90.5536,100.3880,69.1865,102.1017,79.1466,1.0556
true,G1I0R0C1,27,20260829,93.0160,101.3838,68.7784,91.1048,80.9009,1.0580
true,G1I0R0C1,28,20260829,93.7447,101.8297,67.4776,95.9920,84.2288,1.0857
true,G1I0R0C1,29,20260829,92.6488,96.7893,67.0220,105.4377,83.2598,1.1347
true,G1I0R0C1,30,20260829,90.7180,99.8372,68.2020,90.4285,81.7322,1.0444
true,G1I0R1C0,1,20260829,83.7188,103.7985,73.3370,155.4255,92.6230,0.3325
true,G1I0R1C0,2,20260829,84.1047,98.3236,73.1971,155.2789,94.7054,0.4287
true,G1I0R1C0,3,20260829,85.1991,99.3660,75.4514,162.5155,93.8395,0.3510
true,G1I0R1C0,4,20260829,83.8410,101.7853,72.8992,167.3902,93.0605,0.3218
true,G1I0R1C0,5,20260829,85.7153,97.8776,77.4196,161.6914,92.9366,0.2750
true,G1I0R1C0,6,20260829,86.9302,101.2182,75.4775,161.6093,94.7912,0.2364
true,G1I0R1C0,7,20260829,85.3150,95.8767,73.4620,161.7466,93.1199,0.2648
true,G1I0R1C0,8,20260829,89.7225,98.8075,74.1016,159.8355,94.2097,0.3975
true,G1I0R1C0,9,20260829,83.9993,100.3164,74.3361,176.6145,91.7389,0.3418
true,G1I0R1C0,10,20260829,87.0679,99.2131,71.9495,156.1513,94.8864,0.2628
true,G1I0R1C0,11,20260829,85.2249,100.0992,70.3260,164.7066,95.1595,0.3129
true,G1I0R1C0,12,20260829,86.5901,100.0686,80.6848,165.5097,97.8890,0.4424
true,G1I0R1C0,13,20260829,87.9984,98.9784,71.1390,170.8450,96.7737,0.2211
true,G1I0R1C0,14,20260829,89.7971,96.8251,78.7447,164.0254,91.4318,0.1714
true,G1I0R1C0,15,20260829,85.0402,102.0322,73.9309,166.8987,97.6328,0.2818
true,G1I0R1C0,16,20260829,86.1048,100.5269,73.2570,165.2430,87.9257,0.3900
true,G1I0R1C0,17,20260829,84.8600,99.9345,69.9779,174.1938,89.8374,0.2865
true,G1I0R1C0,18,20260829,85.0342,96.8271,73.7163,157.9989,92.2073,0.4807
true,G1I0R1C0,19,20260829,79.1414,98.3372,77.9500,158.7993,95.2478,0.2603
true,G1I0R1C0,20,20260829,88.2800,99.9529,78.6422,175.4025,90.3737,0.1840
true,G1I0R1C0,21,20260829,86.5732,100.3829,76.3054,166.2265,94.0201,0.3879
true,G1I0R1C0,22,20260829,82.6782,99.3329,76.3940,146.6684,90.7682,0.2497
true,G1I0R1C0,23,20260829,87.1963,99.0616,71.6045,149.1755,97.8554,0.2339
true,G1I0R1C0,24,20260829,87.6944,100.8538,78.2635,161.2061,94.8884,0.2559
true,G1I0R1C0,25,20260829,87.3450,102.3389,72.8956,166.4208,96.3092,0.3411
true,G1I0R1C0,26,20260829,87.1585,103.9057,78.4802,158.5307,93.8397,0.4408
true,G1I0R1C0,27,20260829,84.7520,96.2673,74.1752,159.8905,99.2623,0.2201
true,G1I0R1C0,28,20260829,88.1022,105.6154,69.7369,161.3953,93.3086,0.2399
true,G1I0R1C0,29,20260829,83.3207,104.2092,70.7727,159.7579,92.7734,0.3068
true,G1I0R1C0,30,20260829,87.2954,101.7636,76.0858,158.9310,89.4775,0.3052
true,G1I0R1C1,1,20260829,83.6552,99.6237,69.7052,127.9416,83.8921,1.3025
true,G1I0R1C1,2,20260829,86.1425,105.1866,69.3664,133.0014,86.6800,1.2483
true,G1I0R1C1,3,20260829,82.4037,97.7437,68.9691,121.1646,83.8269,1.2574
true,G1I0R1C1,4,20260829,81.9672,97.0000,66.4669,119.5258,86.4310,1.2504
true,G1I0R1C1,5,20260829,81.3331,99.6707,69.9071,135.4325,84.7393,1.3190
true,G1I0R1C1,6,20260829,85.8848,100.4508,66.5217,120.7190,87.0033,1.2001
true,G1I0R1C1,7,20260829,85.5637,104.4588,65.3449,128.7232,84.8364,1.3480
true,G1I0R1C1,8,20260829,83.8765,102.2701,73.3063,114.6486,83.8219,1.2806
true,G1I0R1C1,9,20260829,88.0968,101.6641,67.8091,126.0306,85.5085,1.2739
true,G1I0R1C1,10,20260829,84.7884,100.4685,66.3394,133.6193,80.1811,1.1928
true,G1I0R1C1,11,20260829,85.3791,101.9289,67.2824,121.1588,84.6509,1.3527
true,G1I0R1C1,12,20260829,85.1996,100.9940,64.2348,130.4003,88.6949,1.3162
true,G1I0R1C1,13,20260829,83.8891,101.7771,69.9231,136.7798,88.6333,1.2804
true,G1I0R1C1,14,20260829,85.7344,98.1657,70.4161,130.8275,82.2419,1.3599
true,G1I0R1C1,15,20260829,82.5530,97.5777,68.4556,117.8875,88.1737,1.3785
true,G1I0R1C1,16,20260829,82.0052,97.8646,67.3220,128.1994,86.7611,1.3089
true,G1I0R1C1,17,20260829,88.5331,106.0040,69.8134,117.1212,83.0261,1.3151
true,G1I0R1C1,18,20260829,88.2296,98.9948,68.8634,129.8945,90.9028,1.2135
true,G1I0R1C1,19,20260829,85.9283,98.4880,71.8178,134.7685,84.6343,1.2693
true,G1I0R1C1,20,20260829,86.0245,102.0020,63.7919,120.9694,82.8856,1.4130
true,G1I0R1C1,21,20260829,80.5083,100.0491,68.1619,128.3605,89.9221,1.2620
true,G1I0R1C1,22,20260829,84.5347,98.6124,66.2934,127.5267,87.6601,1.2718
true,G1I0R1C1,23,20260829,84.5146,97.4597,66.3600,134.6298,90.5296,1.3418
true,G1I0R1C1,24,20260829,82.4869,102.7450,69.2437,119.5990,85.1193,1.2346
true,G1I0R1C1,25,20260829,80.4290,100.8880,68.4978,127.3789,87.1353,1.3661
true,G1I0R1C1,26,20260829,87.7376,100.0275,67.3174,118.8013,84.8482,1.2559
true,G1I0R1C1,27,20260829,81.8698,100.2687,68.9668,125.3709,84.5761,1.3145
true,G1I0R1C1,28,20260829,80.9627,96.3815,69.7726,118.6570,86.1252,1.3086
true,G1I0R1C1,29,20260829,83.1140,100.4650,68.6396,138.1369,85.8207,1.3285
true,G1I0R1C1,30,20260829,83.3261,100.7938,74.4968,138.9854,86.6007,1.2869
true,G1I1R0C0,1,20260829,87.0921,73.9017,70.6578,102.2908,88.1282,0.1841
true,G1I1R0C0,2,20260829,84.3037,72.5298,70.6500,103.7619,86.4041,0.2448
true,G1I1R0C0,3,20260829,89.4164,78.6711,71.6665,98.6024,84.3595,0.2593
true,G1I1R0C0,4,20260829,89.6594,74.2299,71.9244,102.6005,85.3444,0.0000
true,G1I1R0C0,5,20260829,85.8441,69.5782,72.8848,114.2661,83.4812,0.1874
true,G1I1R0C0,6,20260829,83.7518,69.5982,67.3046,98.0123,89.3609,0.2135
true,G1I1R0C0,7,20260829,85.6160,75.0917,73.6875,104.2261,86.1277,0.2229
true,G1I1R0C0,8,20260829,86.3832,68.9184,75.6786,97.5632,89.0865,0.1543
true,G1I1R0C0,9,20260829,87.5680,69.8560,73.4746,101.8244,87.2649,0.1406
true,G1I1R0C0,10,20260829,86.8259,68.4947,69.8051,96.1891,86.5257,0.1540
true,G1I1R0C0,11,20260829,85.6767,67.8856,70.1422,103.1276,89.0025,0.3237
true,G1I1R0C0,12,20260829,85.4211,75.6201,71.6722,102.4649,89.8141,0.1760
true,G1I1R0C0,13,20260829,87.8893,72.0158,69.6244,102.1912,85.7844,0.0719
true,G1I1R0C0,14,20260829,85.5158,78.4271,74.3338,96.0660,85.6243,0.2175
true,G1I1R0C0,15,20260829,87.8087,69.1447,70.5151,103.2215,87.8139,0.1649
true,G1I1R0C0,16,20260829,86.9377,71.9438,70.4521,93.0238,87.4411,0.2522
true,G1I1R0C0,17,20260829,88.3399,73.4799,69.8038,102.2356,83.3284,0.2313
true,G1I1R0C0,18,20260829,85.7076,73.6726,73.0781,105.4800,86.2230,0.1460
true,G1I1R0C0,19,20260829,86.9889,74.0677,69.0772,91.7237,90.5624,0.2960
true,G1I1R0C0,20,20260829,82.7258,71.9867,74.5360,102.6892,85.7829,0.2463
true,G1I1R0C0,21,20260829,83.8240,73.2289,68.4470,111.8184,86.8129,0.1714
true,G1I1R0C0,22,20260829,90.7798,72.7809,70.0892,94.4280,88.9276,0.3895
true,G1I1R0C0,23,20260829,86.1379,73.6874,74.7927,90.4229,84.4714,0.2805
true,G1I1R0C0,24,20260829,86.4967,72.3654,73.3495,102.1108,86.0353,0.3931
true,G1I1R0C0,25,20260829,87.2588,73.2765,71.3609,85.5067,81.6239,0.3000
true,G1I1R0C0,26,20260829,86.0573,65.4680,72.2492,86.6344,89.8448,0.1292
true,G1I1R0C0,27,20260829,83.3665,71.5316,65.3905,101.8382,86.9891,0.0502
true,G1I1R0C0,28,20260829,87.9178,69.8096,70.3864,89.0436,88.5679,0.2860
true,G1I1R0C0,29,20260829,87.1429,71.6223,70.8041,100.0538,85.2032,0.1914
true,G1I1R0C0,30,20260829,86.9866,75.6488,67.5328,95.9203,87.6672,0.0526
true,G1I1R0C1,1,20260829,85.9792,69.2352,61.2572,100.9332,75.6263,1.3883
true,G1I1R0C1,2,20260829,86.1701,72.2590,68.3225,92.0219,79.6093,1.1752
true,G1I1R0C1,3,20260829,81.5312,70.0522,62.6383,108.2051,80.7370,1.2257
true,G1I1R0C1,4,20260829,90.1025,71.2061,60.7643,114.1846,79.6878,1.2445
true,G1I1R0C1,5,20260829,83.4727,72.8314,64.5716,104.7104,81.9415,1.2725
true,G1I1R0C1,6,20260829,85.3822,73.4144,64.7315,103.4446,77.6389,1.3002
true,G1I1R0C1,7,20260829,83.1091,73.7015,63.5155,93.4313,82.4039,1.2845
true,G1I1R0C1,8,20260829,81.7081,69.5873,64.8746,96.2204,83.8444,0.9936
true,G1I1R0C1,9,20260829,84.1542,72.8598,61.5995,100.1039,77.0715,1.2436
true,G1I1R0C1,10,20260829,83.2863,69.1726,67.5078,104.7426,77.7446,1.3228
true,G1I1R0C1,11,20260829,82.6857,69.0510,67.8634,85.6702,80.4522,1.0561
true,G1I1R0C1,12,20260829,86.4742,73.9202,62.4689,99.2511,79.3729,1.1123
true,G1I1R0C1,13,20260829,89.1548,72.1188,60.2088,106.7751,81.2723,1.1859
true,G1I1R0C1,14,20260829,83.1117,71.4165,67.6081,108.1026,82.2371,1.0586
true,G1I1R0C1,15,20260829,88.0133,70.2215,64.3690,97.8584,80.6851,1.0850
true,G1I1R0C1,16,20260829,83.9797,75.8895,66.0002,86.8733,79.8263,0.9348
true,G1I1R0C1,17,20260829,81.0172,74.8943,60.3902,105.8794,80.4347,1.2716
true,G1I1R0C1,18,20260829,87.3354,76.1713,65.6304,102.5382,81.6591,1.2742
true,G1I1R0C1,19,20260829,86.9802,69.1407,65.8922,97.3824,81.3882,1.1955
true,G1I1R0C1,20,20260829,83.4565,71.3587,60.7925,98.2270,78.5785,1.2532
true,G1I1R0C1,21,20260829,83.8575,71.9265,60.1341,94.1113,80.8913,1.1809
true,G1I1R0C1,22,20260829,83.2006,71.5779,61.6247,99.5718,78.8274,1.1785
true,G1I1R0C1,23,20260829,85.0529,71.4526,61.6642,91.6340,80.7123,1.2383
true,G1I1R0C1,24,20260829,85.3374,74.4715,62.7400,110.9677,78.8978,1.1977
true,G1I1R0C1,25,20260829,85.5099,73.5715,66.1993,106.5499,83.5343,1.2288
true,G1I1R0C1,26,20260829,87.7703,72.7603,62.2328,101.9718,79.5712,1.2615
true,G1I1R0C1,27,20260829,84.6280,74.1623,68.0514,92.3849,80.6772,1.1240
true,G1I1R0C1,28,20260829,81.7509,73.9181,64.0984,97.2490,78.0878,1.2300
true,G1I1R0C1,29,20260829,81.8429,73.3990,68.6880,107.9787,77.3684,1.3317
true,G1I1R0C1,30,20260829,83.2009,70.9330,62.7871,101.5731,77.3965,1.2248
true,G1I1R1C0,1,20260829,79.2531,73.3723,73.7346,168.3461,92.3758,0.3968
true,G1I1R1C0,2,20260829,79.9795,72.2754,71.4008,170.4886,93.6138,0.4059
true,G1I1R1C0,3,20260829,78.9794,72.7671,69.2606,157.9199,86.2791,0.4617
true,G1I1R1C0,4,20260829,79.8563,74.8063,72.1746,170.2038,87.4839,0.3599
true,G1I1R1C0,5,20260829,78.1235,68.4965,71.1782,159.4831,92.0668,0.4367
true,G1I1R1C0,6,20260829,82.9758,68.3435,72.9766,154.5402,89.4938,0.3255
true,G1I1R1C0,7,20260829,79.7793,71.2769,71.7605,155.7598,88.4153,0.5113
true,G1I1R1C0,8,20260829,80.9314,69.9581,71.9838,157.5852,89.0843,0.4465
true,G1I1R1C0,9,20260829,77.8600,75.5412,72.2385,168.0746,87.9659,0.3679
true,G1I1R1C0,10,20260829,79.9264,66.3660,69.8806,143.7611,90.1500,0.3396
true,G1I1R1C0,11,20260829,80.7093,72.2100,73.8382,166.2511,89.2380,0.2551
true,G1I1R1C0,12,20260829,82.5852,67.3055,71.6666,158.7523,86.4651,0.4615
true,G1I1R1C0,13,20260829,79.7037,65.0098,67.6132,161.0451,91.6562,0.5508
true,G1I1R1C0,14,20260829,80.3593,71.8544,70.8361,160.5133,90.4022,0.3833
true,G1I1R1C0,15,20260829,78.5455,73.2224,69.5056,165.0341,90.5561,0.3865
true,G1I1R1C0,16,20260829,80.3148,74.5271,74.0887,160.6410,95.3888,0.4277
true,G1I1R1C0,17,20260829,74.5246,69.4564,72.0145,165.5574,90.4995,0.4355
true,G1I1R1C0,18,20260829,78.8136,74.0959,72.5911,149.0490,94.3241,0.5088
true,G1I1R1C0,19,20260829,81.3747,69.1982,71.2656,160.7972,92.4361,0.3713
true,G1I1R1C0,20,20260829,74.2143,74.5475,70.2317,148.4770,92.7614,0.2709
true,G1I1R1C0,21,20260829,81.8701,68.0838,71.2466,157.3419,90.7699,0.4958
true,G1I1R1C0,22,20260829,78.2877,71.9805,67.6071,160.4294,92.9071,0.4079
true,G1I1R1C0,23,20260829,77.1475,72.1471,67.9986,162.2372,90.5434,0.3577
true,G1I1R1C0,24,20260829,78.6478,72.6936,72.2980,160.3726,89.1784,0.3142
true,G1I1R1C0,25,20260829,79.9064,74.0922,67.1890,154.9625,88.8896,0.3767
true,G1I1R1C0,26,20260829,79.1189,70.6972,71.7800,169.7618,92.6941,0.3687
true,G1I1R1C0,27,20260829,74.9247,69.5867,71.4464,153.5809,91.0603,0.3700
true,G1I1R1C0,28,20260829,81.1918,72.4448,69.7084,156.8539,90.4464,0.3604
true,G1I1R1C0,29,20260829,79.3079,70.6430,72.0358,158.5645,93.7820,0.4278
true,G1I1R1C0,30,20260829,80.9898,69.4899,72.2221,171.3796,92.8935,0.3955
true,G1I1R1C1,1,20260829,80.2848,69.7942,66.5278,121.1841,80.1905,1.2945
true,G1I1R1C1,2,20260829,78.1160,74.4422,61.6841,123.0032,86.6058,1.4184
true,G1I1R1C1,3,20260829,75.5237,69.2046,62.5780,131.3059,80.1291,1.4258
true,G1I1R1C1,4,20260829,74.6851,74.6053,64.8275,115.6891,83.2828,1.2824
true,G1I1R1C1,5,20260829,76.3114,67.8171,65.5465,124.9463,78.1056,1.3291
true,G1I1R1C1,6,20260829,75.7316,69.2595,65.4201,121.2033,80.1315,1.3896
true,G1I1R1C1,7,20260829,76.2486,68.0652,65.5714,118.1450,83.6007,1.3659
true,G1I1R1C1,8,20260829,74.8288,65.8838,63.1132,127.4964,82.8626,1.3437
true,G1I1R1C1,9,20260829,71.9788,71.7294,68.0805,127.2128,77.1727,1.3468
true,G1I1R1C1,10,20260829,78.1261,72.0346,61.6235,125.2557,79.1741,1.3722
true,G1I1R1C1,11,20260829,75.8376,67.4955,61.5589,135.4007,81.1107,1.4290
true,G1I1R1C1,12,20260829,77.6519,75.0989,65.5809,129.1156,79.5754,1.3153
true,G1I1R1C1,13,20260829,81.7862,69.0545,66.3927,129.5159,79.0211,1.4134
true,G1I1R1C1,14,20260829,72.5640,73.6145,64.9310,123.8127,82.6735,1.3641
true,G1I1R1C1,15,20260829,76.0696,73.4692,64.1532,129.8978,83.2979,1.4760
true,G1I1R1C1,16,20260829,76.1938,74.5469,60.9278,111.2894,78.9083,1.4242
true,G1I1R1C1,17,20260829,78.6033,71.6123,63.9596,120.9077,81.6973,1.3590
true,G1I1R1C1,18,20260829,78.8437,73.4678,63.4841,139.5365,79.5842,1.5832
true,G1I1R1C1,19,20260829,77.1957,74.9375,61.1561,119.8807,77.7379,1.3356
true,G1I1R1C1,20,20260829,75.7455,74.1342,66.8813,121.0240,80.5794,1.4778
true,G1I1R1C1,21,20260829,76.3501,70.8404,63.4519,127.1732,84.6220,1.5002
true,G1I1R1C1,22,20260829,76.8750,73.3284,59.2750,125.0923,82.2540,1.4006
true,G1I1R1C1,23,20260829,79.9496,75.0108,63.9794,138.9195,81.6928,1.3985
true,G1I1R1C1,24,20260829,76.3911,72.7953,64.8303,122.8381,85.0206,1.3567
true,G1I1R1C1,25,20260829,80.2830,71.2589,71.3231,123.3486,79.5708,1.4109
true,G1I1R1C1,26,20260829,75.9003,72.6940,61.5227,130.5293,82.7421,1.4546
true,G1I1R1C1,27,20260829,74.6266,80.9291,63.7838,136.0608,82.2945,1.5194
true,G1I1R1C1,28,20260829,78.2095,73.2613,62.9466,130.6295,82.3180,1.4730
true,G1I1R1C1,29,20260829,78.6021,73.0368,66.5227,131.6999,83.1444,1.4150
true,G1I1R1C1,30,20260829,75.8248,71.4907,59.0864,125.7649,83.5330,1.3804
